[{
	"name": "Prime Tower",
	"egid": 302030099,
	"wiki": 1
},
{
	"name": "Grossmünster",
	"egid": 302040349,
	"wiki": 1
},
{
	"name": "Fraumünster",
	"egid": 302040792,
	"wiki": 1
},
{
	"name": "St. Peter (Zürich)",
	"egid": 302040601,
	"wiki": 1
},
{
	"name": "Predigerkloster Zürich",
	"egid": 302040186,
	"wiki": 1
},
{
	"name": "Swissôtel Zürich",
	"egid": 3169541,
	"wiki": 1
},
{
	"name": "The Dolder Grand",
	"egid": 155330,
	"wiki": 1
},
{
	"name": "Hochhaus Hagenholzstrasse",
	"egid": 302020117,
	"wiki": 1
},
{
	"name": "Hochhaus zur Palme",
	"egid": 143641,
	"wiki": 1
},
{
	"name": "Swissmill Getreidesilo",
	"egid": 302005010,
	"wiki": 0
},
{
	"name": "Mobimo Tower",
	"egid": 302030118,
	"wiki": 0
},
{
	"name": "WestLink Tower",
	"egid": 302060485,
	"wiki": 0
},
{
	"name": "Migros-Hochhaus",
	"egid": 2365823,
	"wiki": 0
},
{
	"name": "Andreasturm",
	"egid": 302062712,
	"wiki": 0
},
{
	"name": "Werd-Hochhaus",
	"egid": 2366128,
	"wiki": 0
},
{
	"name": "Hard Turm Park",
	"egid": 302030132,
	"wiki": 0
},
{
	"name": "Hotel Marriott",
	"egid": 3169202,
	"wiki": 0
},
{
	"name": "SRF Hochhaus",
	"egid": 302017716,
	"wiki": 0
},
{
	"name": "Hardau 1",
	"egid": 149556,
	"wiki": 0
},
{
	"name": "Hardau 2",
	"egid": 149558,
	"wiki": 0
},
{
	"name": "Hardau 3",
	"egid": 149600,
	"wiki": 0
},
{
	"name": "Hardau 4",
	"egid": 149547,
	"wiki": 0
},
{
	"name": "Franklinturm",
	"egid": 302063457,
	"wiki": 0
}]